id,book_id,school_id,copies
1,1,1,2
2,2,2,3
3,3,3,8
4,4,4,11
5,5,5,15
6,6,1,6
7,7,2,14
8,8,3,9
9,9,4,15
10,10,5,4
11,11,1,14
12,12,2,8
13,13,3,13
14,14,4,15
15,15,5,11
16,16,1,2
17,17,2,1
18,18,3,1
19,19,4,6
20,20,5,2
21,21,1,2
22,22,2,3
23,23,3,2
24,24,4,8
25,25,5,11
26,26,1,10
27,27,2,14
28,28,3,2
29,29,4,6
30,30,5,10
31,31,1,5
32,32,2,2
33,33,3,6
34,34,4,2
35,35,5,15
36,36,1,15
37,37,2,10
38,38,3,15
39,39,4,14
40,40,5,10
41,41,1,9
42,42,2,14
43,43,3,3
44,44,4,4
45,45,5,11
46,46,1,2
47,47,2,3
48,48,3,14
49,49,4,10
50,50,5,15
51,51,1,9
52,52,2,15
53,53,3,2
54,54,4,3
55,55,5,13
56,56,1,2
57,57,2,2
58,58,3,15
59,59,4,11
60,60,5,15
61,61,1,9
62,62,2,4
63,63,3,3
64,64,4,7
65,65,5,15
66,66,1,3
67,67,2,2
68,68,3,9
69,69,4,10
70,70,5,1
71,71,1,12
72,72,2,3
73,73,3,5
74,74,4,6
75,75,5,13
76,76,1,12
77,77,2,12
78,78,3,1
79,79,4,15
80,80,5,2
81,81,1,6
82,82,2,13
83,83,3,15
84,84,4,7
85,85,5,9
86,86,1,13
87,87,2,11
88,88,3,3
89,89,4,10
90,90,5,8
91,91,1,6
92,92,2,11
93,93,3,2
94,94,4,3
95,95,5,6
96,96,1,15
97,97,2,15
98,98,3,13
99,99,4,5
100,100,5,14
101,101,1,15
102,102,2,10
103,103,3,8
104,104,4,10
105,105,5,1
106,106,1,2
107,107,2,14
108,108,3,9
109,109,4,5
110,110,5,14
111,111,1,10
112,112,2,8
113,113,3,8
114,114,4,6
115,115,5,7
116,116,1,1
117,117,2,4
118,118,3,5
119,119,4,10
120,120,5,7
121,121,1,9
122,122,2,1
123,123,3,11
124,124,4,2
125,125,5,4
126,126,1,1
127,127,2,11
128,128,3,5
129,129,4,14
130,130,5,9
131,131,1,15
132,132,2,7
133,133,3,7
134,134,4,14
135,135,5,7
136,136,1,2
137,137,2,3
138,138,3,10
139,139,4,13
140,140,5,6
141,141,1,11
142,142,2,7
143,143,3,11
144,144,4,12
145,145,5,8
146,146,1,14
147,147,2,3
148,148,3,11
149,149,4,6
150,150,5,12
151,151,1,9
152,152,2,14
153,153,3,4
154,154,4,8
155,155,5,6
156,156,1,1
157,157,2,4
158,158,3,14
159,159,4,15
160,160,5,13
161,161,1,4
162,162,2,7
163,163,3,1
164,164,4,9
165,165,5,14
166,166,1,3
167,167,2,9
168,168,3,15
169,169,4,2
170,170,5,15
171,171,1,4
172,172,2,15
173,173,3,9
174,174,4,4
175,175,5,10
176,176,1,8
177,177,2,2
178,178,3,10
179,179,4,5
180,180,5,9
181,181,1,4
182,182,2,10
183,183,3,5
184,184,4,8
185,185,5,10
186,186,1,2
187,187,2,9
188,188,3,5
189,189,4,3
190,190,5,7
191,191,1,10
192,192,2,9
193,193,3,5
194,194,4,4
195,195,5,10
196,196,1,11
197,197,2,3
198,198,3,13
199,199,4,13
200,200,5,11
201,1,1,1
202,2,2,3
203,3,3,2
204,4,4,15
205,5,5,6
206,6,1,1
207,7,2,10
208,8,3,8
209,9,4,3
210,10,5,6
211,11,1,7
212,12,2,9
213,13,3,14
214,14,4,11
215,15,5,12
216,16,1,15
217,17,2,9
218,18,3,5
219,19,4,11
220,20,5,9
221,21,1,9
222,22,2,1
223,23,3,6
224,24,4,10
225,25,5,9
226,26,1,8
227,27,2,7
228,28,3,4
229,29,4,2
230,30,5,10
231,31,1,4
232,32,2,2
233,33,3,9
234,34,4,15
235,35,5,3
236,36,1,13
237,37,2,11
238,38,3,1
239,39,4,8
240,40,5,1
241,41,1,8
242,42,2,12
243,43,3,13
244,44,4,4
245,45,5,12
246,46,1,3
247,47,2,10
248,48,3,4
249,49,4,14
250,50,5,7
251,51,1,11
252,52,2,1
253,53,3,13
254,54,4,8
255,55,5,10
256,56,1,1
257,57,2,7
258,58,3,11
259,59,4,7
260,60,5,9
261,61,1,7
262,62,2,13
263,63,3,13
264,64,4,15
265,65,5,11
266,66,1,3
267,67,2,15
268,68,3,6
269,69,4,7
270,70,5,2
271,71,1,6
272,72,2,5
273,73,3,10
274,74,4,6
275,75,5,10
276,76,1,4
277,77,2,1
278,78,3,1
279,79,4,6
280,80,5,7
281,81,1,14
282,82,2,15
283,83,3,1
284,84,4,14
285,85,5,3
286,86,1,9
287,87,2,13
288,88,3,11
289,89,4,3
290,90,5,5
291,91,1,1
292,92,2,7
293,93,3,12
294,94,4,2
295,95,5,13
296,96,1,3
297,97,2,12
298,98,3,10
299,99,4,2
300,100,5,13
301,101,1,9
302,102,2,13
303,103,3,6
304,104,4,1
305,105,5,14
306,106,1,5
307,107,2,8
308,108,3,10
309,109,4,14
310,110,5,8
311,111,1,15
312,112,2,14
313,113,3,6
314,114,4,5
315,115,5,1
316,116,1,10
317,117,2,3
318,118,3,6
319,119,4,11
320,120,5,15
321,121,1,3
322,122,2,3
323,123,3,10
324,124,4,1
325,125,5,6
326,126,1,11
327,127,2,12
328,128,3,15
329,129,4,12
330,130,5,3
331,131,1,3
332,132,2,4
333,133,3,13
334,134,4,12
335,135,5,2
336,136,1,14
337,137,2,1
338,138,3,3
339,139,4,7
340,140,5,1
341,141,1,5
342,142,2,1
343,143,3,10
344,144,4,9
345,145,5,4
346,146,1,7
347,147,2,7
348,148,3,11
349,149,4,2
350,150,5,8
351,151,1,4
352,152,2,4
353,153,3,1
354,154,4,7
355,155,5,5
356,156,1,6
357,157,2,5
358,158,3,14
359,159,4,9
360,160,5,14
361,161,1,1
362,162,2,4
363,163,3,11
364,164,4,4
365,165,5,1
366,166,1,6
367,167,2,14
368,168,3,9
369,169,4,3
370,170,5,12
371,171,1,8
372,172,2,5
373,173,3,13
374,174,4,6
375,175,5,10
376,176,1,4
377,177,2,12
378,178,3,1
379,179,4,6
380,180,5,2
381,181,1,14
382,182,2,9
383,183,3,12
384,184,4,13
385,185,5,10
386,186,1,12
387,187,2,14
388,188,3,14
389,189,4,10
390,190,5,8
391,191,1,13
392,192,2,6
393,193,3,15
394,194,4,15
395,195,5,15
396,196,1,4
397,197,2,15
398,198,3,1
399,199,4,5
400,200,5,6
401,1,1,14
402,2,2,13
403,3,3,7
404,4,4,12
405,5,5,6
406,6,1,10
407,7,2,5
408,8,3,15
409,9,4,8
410,10,5,14
411,11,1,4
412,12,2,8
413,13,3,9
414,14,4,13
415,15,5,15
416,16,1,8
417,17,2,7
418,18,3,12
419,19,4,13
420,20,5,11
421,21,1,1
422,22,2,14
423,23,3,4
424,24,4,11
425,25,5,4
426,26,1,12
427,27,2,12
428,28,3,7
429,29,4,9
430,30,5,9
431,31,1,13
432,32,2,13
433,33,3,2
434,34,4,2
435,35,5,8
436,36,1,12
437,37,2,3
438,38,3,9
439,39,4,2
440,40,5,3
441,41,1,8
442,42,2,7
443,43,3,14
444,44,4,4
445,45,5,13
446,46,1,8
447,47,2,3
448,48,3,6
449,49,4,8
450,50,5,3
451,51,1,13
452,52,2,1
453,53,3,8
454,54,4,7
455,55,5,8
456,56,1,2
457,57,2,12
458,58,3,1
459,59,4,5
460,60,5,14
461,61,1,13
462,62,2,7
463,63,3,11
464,64,4,4
465,65,5,10
466,66,1,8
467,67,2,6
468,68,3,12
469,69,4,11
470,70,5,10
471,71,1,7
472,72,2,13
473,73,3,10
474,74,4,15
475,75,5,12
476,76,1,5
477,77,2,14
478,78,3,6
479,79,4,12
480,80,5,3
481,81,1,13
482,82,2,2
483,83,3,7
484,84,4,15
485,85,5,10
486,86,1,6
487,87,2,7
488,88,3,6
489,89,4,7
490,90,5,5
491,91,1,14
492,92,2,1
493,93,3,12
494,94,4,9
495,95,5,8
496,96,1,15
497,97,2,15
498,98,3,3
499,99,4,13
500,100,5,15
